Project,Class,Pattern
jbehave-core,AbstractStepsFactory,AbstractFactory
jbehave-core,CompositeStepsFactory,AbstractFactory
jbehave-core,InjectableStepsFactory,AbstractFactory
jbehave-core,InstanceStepsFactory,AbstractFactory
jbehave-core,ProvidedStepsFactory,AbstractFactory
jbehave-core,GroovyStepsFactory,AbstractFactory
jbehave-core,GuiceStepsFactory,AbstractFactory
jbehave-core,PicoStepsFactory,AbstractFactory
jbehave-core,ScalaStepsFactory,AbstractFactory
jbehave-core,SpringStepsFactory,AbstractFactory
jbehave-core,WeldStepsFactory,AbstractFactory
Generic-Graph-View,InstancemodelFactory,AbstractFactory
Generic-Graph-View,InstancemodelFactoryImpl,AbstractFactory
Generic-Graph-View,GraphViewMappingFactory,AbstractFactory
Generic-Graph-View,GraphViewMappingFactoryImpl,AbstractFactory
Generic-Graph-View,GraphViewStyleFactory,AbstractFactory
Generic-Graph-View,GraphViewStyleFactoryImpl,AbstractFactory
refactoring_guru,GUIFactory,AbstractFactory
refactoring_guru,MacOSFactory,AbstractFactory
refactoring_guru,WindowsFactory,AbstractFactory
java-design-patterns-master,OrcKingdomFactory,AbstractFactory
java-design-patterns-master,KingdomFactory,AbstractFactory
java-design-patterns-master,ElfKingdomFactory,AbstractFactory
java-design-patterns,AbstractFactory,AbstractFactory
java-patterns,MySQLRegistrationDAOFactory,AbstractFactory
java-patterns,OracleRegistrationDAOFactory,AbstractFactory
java-patterns,RegistrationDAOAbstractFactory,AbstractFactory
java-patterns,RegistrationDAOFactory,AbstractFactory
java-patterns,MySQLRegistrationDAOFactory,AbstractFactory
java-patterns,OracleRegistrationDAOFactory,AbstractFactory
java-patterns,RegistrationDAOAbstractFactory,AbstractFactory
java-patterns,RegistrationDAOFactory,AbstractFactory
jpatterns,AbstractFactoryPattern,AbstractFactory
A7B36ASS,AbstractFactory,AbstractFactory
A7B36ASS,StudentFactory,AbstractFactory
A7B36ASS,TeacherFactory,AbstractFactory
milton,ResourceFactoryFactory,AbstractFactory
milton,HrResourceFactoryFactory,AbstractFactory
milton,SpringResourceFactoryFactory,AbstractFactory
james,RestrictingRMISocketFactory,AbstractFactory
james,RMISocketFactory,AbstractFactory
DimSim,RTMPCodecFactory,AbstractFactory
DimSim,RTMPMinaCodecFactory,AbstractFactory
DimSim,RTMPTCodecFactory,AbstractFactory
DimSim,SimpleProtocolCodecFactory,AbstractFactory
DimSim,RemotingCodecFactory,AbstractFactory
java-game-server,UDPChannelPipelineFactory,AbstractFactory
jabylon,UsersFactory,AbstractFactory
jabylon,UsersFactoryImpl,AbstractFactory
cayenne,WidgetFactory,AbstractFactory
cayenne,DefaultWidgetFactory,AbstractFactory
Mavenized-Wave-In-A-Box,ViewFactory,AbstractFactory
ASEME,IACFactory,AbstractFactory
ASEME,IACFactoryImpl,AbstractFactory
ASEME,StatechartFactory,AbstractFactory
ASEME,StatechartFactoryImpl,AbstractFactory
ASEME,SRMFactory,AbstractFactory
ASEME,SRMFactoryImpl,AbstractFactory
ASEME,AIPFactory,AbstractFactory
ASEME,AIPFactoryImpl,AbstractFactory
ASEME,SUCFactory,AbstractFactory
ASEME,SUCFactoryImpl,AbstractFactory
see,NumberFactory,AbstractFactory
see,IntegerFactory,AbstractFactory
see,BigDecimalFactory,AbstractFactory
see,DoubleFactory,AbstractFactory
see,LocalizedBigDecimalFactory,AbstractFactory
petals-studio,JmsFactoryImpl,AbstractFactory
petals-studio,JmsFactory,AbstractFactory
petals-studio,Filetransfer2xFactory,AbstractFactory
petals-studio,Filetransfer2xFactoryImpl,AbstractFactory
petals-studio,MailFactory,AbstractFactory
petals-studio,MailFactoryImpl,AbstractFactory
petals-studio,Filetransfer3Factory,AbstractFactory
petals-studio,Filetransfer3FactoryImpl,AbstractFactory
petals-studio,Cdk5Factory,AbstractFactory
petals-studio,Cdk5FactoryImpl,AbstractFactory
petals-studio,JbiFactoryImpl,AbstractFactory
petals-studio,JbiFactory,AbstractFactory
zk,IDOMFactory,AbstractFactory
zk,DefaultIDOMFactory,AbstractFactory
zk,UiFactory,AbstractFactory
zk,AbstractUiFactory,AbstractFactory
ocl,AbapmappingFactory,AbstractFactory
ocl,AbapmappingFactoryImpl,AbstractFactory
ocl,CompleteOCLCSTFactory,AbstractFactory
ocl,CompleteOCLCSTFactoryImpl,AbstractFactory
ocl,XsdFactory,AbstractFactory
ocl,XsdFactoryImpl,AbstractFactory
ocl,UnresolvedFactory,AbstractFactory
ocl,UnresolvedFactoryImpl,AbstractFactory
ocl,AbapdictionaryFactory,AbstractFactory
ocl,AbapdictionaryFactoryImpl,AbstractFactory
ocl,OCLinEcoreCSTFactory,AbstractFactory
ocl,OCLinEcoreCSTFactoryImpl,AbstractFactory
ocl,ExpressionsFactory,AbstractFactory
ocl,ExpressionsFactoryImpl,AbstractFactory
ocl,ConstraintsFactory,AbstractFactory
ocl,QuantitystructureFactory,AbstractFactory
ocl,QuantitystructureFactoryImpl,AbstractFactory
ChenSun,ReflectiveStatementInterceptorAdapter,Adapter
ChenSun,V1toV2StatementInterceptorAdapter,Adapter
accent,ChannelListenerAdapter,Adapter
ccw,ClojureLineBreakpointAdapter,Adapter
HunApkNotifier,HunApkListAdapter,Adapter
pcgen-svn,PopupMouseAdapter,Adapter
pcgen-svn,ListDataAdapter,Adapter
pcgen-svn,TreeTableModelAdapter,Adapter
cw-omnibus,ContentsAdapter,Adapter
basiclti-portlet,AbstractAdapter,Adapter
basiclti-portlet,ChemvantageAdapter,Adapter
basiclti-portlet,IBasicLTIAdapter,Adapter
basiclti-portlet,NoteflightAdapter,Adapter
basiclti-portlet,PeoplesoftAdapter,Adapter
basiclti-portlet,SakaiAdapter,Adapter
basiclti-portlet,StandardAdapter,Adapter
basiclti-portlet,WikispacesAdapter,Adapter
basiclti-portlet,WimbaAdapter,Adapter
Dual-Battery-Widget,IntentReceiver,Adapter
Dual-Battery-Widget,BatteryLevelAdapter,Adapter
WhartonEventScheduler,EventListCursorAdapter,Adapter
WhartonEventScheduler,PeopleCursorAdapter,Adapter
archaius,ExpandedConfigurationListenerAdapter,Adapter
DownloadProvider,DateSortedDownloadAdapter,Adapter
DownloadProvider,DateSortedExpandableListAdapter,Adapter
DownloadProvider,DownloadAdapter,Adapter
cdo,CDOLazyContentAdapter,Adapter
cdo,CDOLegacyAdapter,Adapter
cdo,CDOCommonEventAdapter,Adapter
cdo,DawngenmodelItemProviderAdapterFactory,Adapter
cdo,CDOItemProviderAdapter,Adapter
cdo,CDODefsAdapterFactory,Adapter
cdo,EresourceItemProviderAdapterFactory,Adapter
cdo,EmbeddedDerbyAdapter,Adapter
cdo,H2Adapter,Adapter
cdo,HSQLDBAdapter,Adapter
cdo,PostgreSQLAdapter,Adapter
cdo,ContainerEventAdapter,Adapter
cdo,DNDDropAdapter,Adapter
SWE12-Drone,PrototypeBrickAdapter,Adapter
gson,ProtoTypeAdapter,Adapter
Catroid,PrototypeBrickAdapter,Adapter
platform_frameworks_base,AnimatorListenerAdapter,Adapter
spring-batch,ItemWriterAdapter,Adapter
spring-batch,ItemReaderAdapter,Adapter
cdk,RendererAdapter,Adapter
cdk,NormalizedStringAdapter,Adapter
cdk,AdapterBase,Adapter
cdk,AttributeAdapter,Adapter
cdk,BehaviorAdapter,Adapter
cdk,BehaviorRendererAdapter,Adapter
cdk,ClassAdapter,Adapter
cdk,ComponentAdapter,Adapter
cdk,ConverterAdapter,Adapter
cdk,ElementAdapterBase,Adapter
cdk,EventAdapter,Adapter
cdk,FacesConfigAdapter,Adapter
cdk,FacetAdapter,Adapter
cdk,PropertyAdapter,Adapter
cdk,RendererAdapter,Adapter
cdk,ValidatorAdapter,Adapter
HunApkNotifier,HunApkListAdapter,Adapter
Mobile-Tour-Guide,BookmarkAdapter,Adapter
ant,TypeAdapter,Adapter
ant,RmicAdapter,Adapter
ant,DefaultRmicAdapter,Adapter
ant,Native2AsciiAdapter,Adapter
ant,JspCompilerAdapter,Adapter
ant,ExtensionAdapter,Adapter
ant,TaskAdapter,Adapter
teiid-designer,SearchRuntimeAdapter,Adapter
teiid-designer,CustomDiagramActionAdapter,Adapter
cdt,CDTViewerDropAdapter,Adapter
cdt,TextViewerDragAdapter,Adapter
cdt,DelegatingDropAdapter,Adapter
cdt,LocationAdapter,Adapter
cdt,CodeReaderAdapter,Adapter
cdt,PDOMASTAdapter,Adapter
cdt,ProjectIndexerInputAdapter,Adapter
cdt,IndexerInputAdapter,Adapter
cdt,LocationAdapter,Adapter
cdt,BinaryObjectAdapter,Adapter
cdt,WorkbenchRunnableAdapter,Adapter
cdt,MultiBuildConsoleAdapter,Adapter
cdt,CWorkbenchAdapter,Adapter
cdt,DeferredCWorkbenchAdapter,Adapter
cdt,BasicSelectionTransferDragAdapter,Adapter
cdt,CDTViewerDragAdapter,Adapter
cdt,CDTViewerDropAdapter,Adapter
cdt,DelegatingDragAdapter,Adapter
cdt,DocumentAdapter,Adapter
cdt,MITTYAdapter,Adapter
cdt,IListAdapter,Adapter
Lord-of-Ultima-Manager,CityAdapter,Adapter
Lord-of-Ultima-Manager,SessionAdapter,Adapter
Lord-of-Ultima-Manager,TradeAdapter,Adapter
Lord-of-Ultima-Manager,TradeRequestAdapter,Adapter
Lord-of-Ultima-Manager,TroopAdapter,Adapter
java-design-patterns,FishingBoatAdapter,Adapter
java-design-patterns-master,FishingBoatAdapter,Adapter
jbehave-core,AuthenticationPolicyBuilder,Builder
jbehave-core,UserBuilder,Builder
jbehave-core,AnnotationBuilder,Builder
jbehave-core,StoryReporterBuilder,Builder
jbehave-core,PatternVariantBuilder,Builder
jbehave-core,GroovyAnnotationBuilder,Builder
jbehave-core,GroovyAnnotationBuilderBehaviour,Builder
jbehave-core,GuiceAnnotationBuilder,Builder
jbehave-core,PicoAnnotationBuilder,Builder
jbehave-core,PicoAnnotationBuilderBehaviour,Builder
jbehave-core,SpringAnnotationBuilder,Builder
jbehave-core,SpringStoryReporterBuilder,Builder
jbehave-core,SpringStoryReporterBuilderBehaviour,Builder
jbehave-core,WeldAnnotationBuilder,Builder
ccw,ClojureBuilder,Builder
ccw,LeiningenBuilder,Builder
pcgen-svn,TermEvaluatorBuilder,Builder
pcgen-svn,TermEvaluatorBuilderEQVar,Builder
pcgen-svn,TermEvaluatorBuilderPCStat,Builder
pcgen-svn,TermEvaluatorBuilderPCVar,Builder
pcgen-svn,EqBuilder,Builder
dozer,DozerBuilder,Builder
dozer,TypeMappingBuilder,Builder
dozer,BeanMappingBuilder,Builder
dozer,ClassMapBuilder,Builder
cdt,AutotoolsConfigurationBuilder,Builder
cdt,AsmModelBuilder,Builder
cruisecontrol,Builder,Builder
cruisecontrol,PhingBuilder,Builder
cruisecontrol,RakeBuilder,Builder
cruisecontrol,ExecBuilder,Builder
cruisecontrol,NantBuilder,Builder
cruisecontrol,CompositeBuilder,Builder
cruisecontrol,XcodeBuilder,Builder
cruisecontrol,Maven2Builder,Builder
cxf,JAXWSDefinitionBuilder,Builder
cxf,ServiceWSDLBuilder,Builder
cxf,StaxBuilder,Builder
cxf,MTOMAssertionBuilder,Builder
cxf,EndpointReferenceDomainExpressionBuilder,Builder
cxf,JaxbAssertionBuilder,Builder
cxf,AddressingAssertionBuilder,Builder
cxf,RM11AssertionBuilder,Builder
cdo,VersionBuilder,Builder
fafdtibb,FastNodeBuilderFactory,Builder
fafdtibb,FatNodeBuilderFactory,Builder
fafdtibb,FuriousNodeBuilderFactory,Builder
fafdtibb,MapperTreeBuilder,Builder
fafdtibb,LimitModeTreeBuilderFactory,Builder
pellet,ELTaxonomyBuilder,Builder
pellet,OntBuilder,Builder
teiid-designer,VdbModelBuilder,Builder
geotoolkit-pending,RandomStyleBuilder,Builder
mongkie,EnrichmentBuilder,Builder
cdk,AptBuilder,Builder
cdk,LibraryBuilder,Builder
cdk,ModelBuilder,Builder
coala,PdqMessageBuilderImpl,Builder
coala,CDABuilder,Builder
coala,DocumentEntryBuilder,Builder
coala,PdqMessageBuilderImpl,Builder
coala,PdqRouteBuilder,Builder
cdt,CElementDeltaBuilder,Builder
cdt,CModelBuilder2,Builder
cdt,ACBuilder,Builder
cdt,CodanBuilder,Builder
cdt,ControlFlowGraphBuilder,Builder
jamendo-android,DownloadJobBuilder,Builder
jamendo-android,ReviewBuilder,Builder
jamendo-android,AlbumBuilder,Builder
jamendo-android,PlaylistBuilder,Builder
jamendo-android,TrackBuilder,Builder
jamendo-android,ArtistBuilder,Builder
jamendo-android,LicenseBuilder,Builder
jamendo-android,RadioBuilder,Builder
jamendo-android,RadioDatabaseBuilder,Builder
jamendo-android,AlbumDatabaseBuilder,Builder
jamendo-android,TrackDatabaseBuilder,Builder
pellet,FSMBuilder,Builder
pellet,GenericTaxonomyBuilder,Builder
soapui,EmptyPanelBuilder,Builder
soapui,RestRequestPanelBuilder,Builder
soapui,RestMethodPanelBuilder,Builder
hazelcast-cluster-monitor,QueuePageBuilder,Builder
hazelcast-cluster-monitor,MapPageBuilder,Builder
maven-3,DefaultModelBuilder,Builder
maven-3,DefaultSettingsBuilder,Builder
maven-3,LifecycleWeaveBuilder,Builder
maven-3,DefaultToolchainsBuilder,Builder
maven-3,MavenSettingsBuilder,Builder
maven-3,DefaultProjectBuilder,Builder
de-webapp,AbstractContextBuilder,Builder
de-webapp,AnalysisContextBuilder,Builder
biojava-legacy,BioSQLRichObjectBuilder,Builder
biojava-legacy,SearchBuilder,Builder
biojava-legacy,SequenceBuilder,Builder
biojava-legacy,SimpleAssemblyBuilder,Builder
emf.compare,DiffBuilder,Builder
refactoring_guru,Builder,Builder
refactoring_guru,CarBuilder,Builder
jbehave-core,EmbedderMonitorDecorator,Decorator
jbehave-core,StepFailureDecoratorBehaviour,Decorator
spring-stringtemplate,StringTemplateDecoratorServlet,Decorator
pcgen-svn,ModifyChoiceDecorator,Decorator
pcgen-svn,QualifiedDecorator,Decorator
tapestry-bootstrap,BootStrapValidationDecorator,Decorator
orion.server,GitFileDecorator,Decorator
cdt,CElementDecorator,Decorator
cdt,BuildConsoleStreamDecorator,Decorator
cdt,CNavigatorProblemsLabelDecorator,Decorator
cdt,ExcludedFileDecorator,Decorator
cdt,IncludeFolderDecorator,Decorator
cdt,ProblemsLabelDecorator,Decorator
cdt,CElementDecorator,Decorator
cdt,UpdatePolicyDecorator,Decorator
cruisecontrol,LogFileSetupDecorator,Decorator
cfeclipse,URLDecorator,Decorator
cfeclipse,URLDecoratorDescriptor,Decorator
cfeclipse,URLDecoratorImageDescriptor,Decorator
cfeclipse,URLDecoratorManager,Decorator
cfeclipse,ConfigFileDecorator,Decorator
cfeclipse,ImageDecorator,Decorator
frostwire-desktop,Decorator,Decorator
frostwire-desktop,Decorator,Decorator
fuzzydb,IDecorator,Decorator
fuzzydb,Decorator,Decorator
fuzzydb,DateDecorator,Decorator
fuzzydb,AgeDecorator,Decorator
fuzzydb,BooleanDecorator,Decorator
ant,ResourceDecorator,Decorator
teiid-designer,MappingLabelDecorator,Decorator
fest-reflect,DecoratorInvocationHandler,Decorator
fest-reflect,PostDecorator,Decorator
fest-reflect,PreDecorator,Decorator
mongkie,DecoratorItem,Decorator
mongkie,TableDecoratorItem,Decorator
mongkie,SimpleDefaultDecorator,Decorator
mongkie,DecoratorLayout,Decorator
mongkie,DecoratorLabelRenderer,Decorator
freemind,ConditionNotSatisfiedDecorator,Decorator
freemind,ExtendedAttributeTableModelDecorator,Decorator
freemind,ReducedAttributeTableModelDecorator,Decorator
molgenis_apps,BiobankDecorator,Decorator
molgenis_apps,DBIndexUpdateDecorator,Decorator
molgenis_apps,MeasurementDecorator,Decorator
molgenis_apps,MeasurementDecorator,Decorator
molgenis_apps,FlowcellDecorator,Decorator
molgenis_apps,LibraryLaneDecorator,Decorator
molgenis_apps,IdentifiableDecorator,Decorator
molgenis_apps,MolgenisFileDecorator,Decorator
molgenis_apps,NameableDecorator,Decorator
molgenis_apps,TaskDecorator,Decorator
molgenis_apps,EditableTableDecorator,Decorator
molgenis_apps,AuthorizableDecorator,Decorator
molgenis_apps,MolgenisUserDecorator,Decorator
molgenis_apps,MolgenisFileDecorator,Decorator
molgenis_apps,NameableDecorator,Decorator
molgenis_apps,DataDecorator,Decorator
molgenis_apps,MeasurementDecorator,Decorator
molgenis_apps,DataDecorator,Decorator
molgenis_apps,MeasurementDecorator,Decorator
molgenis_apps,MolgenisFileDecorator,Decorator
molgenis_apps,NameableDecorator,Decorator
flume_1,DigestDecorator,Decorator
flume_1,EventSinkDecorator,Decorator
flume_1,FormatterDecorator,Decorator
flume_1,MaskDecorator,Decorator
flume_1,SelectDecorator,Decorator
flume_1,BatchingDecorator,Decorator
flume_1,GunzipDecorator,Decorator
flume_1,GzipDecorator,Decorator
flume_1,UnbatchingDecorator,Decorator
flume_1,BenchmarkInjectDecorator,Decorator
flume_1,BenchmarkReportDecorator,Decorator
flume_1,BloomCheckDecorator,Decorator
flume_1,ChokeDecorator,Decorator
flume_1,DelayDecorator,Decorator
flume_1,InMemoryDecorator,Decorator
flume_1,InsistentAppendDecorator,Decorator
flume_1,InsistentOpenDecorator,Decorator
flume_1,LatchedDecorator,Decorator
flume_1,LazyOpenDecorator,Decorator
flume_1,MultiplierDecorator,Decorator
flume_1,ReorderDecorator,Decorator
flume_1,ValueDecorator,Decorator
flume_1,ExceptionTwiddleDecorator,Decorator
flume_1,HelloWorldDecorator,Decorator
wayback,MementoReplayRendererDecorator,Decorator
wayback,ReplayRendererDecorator,Decorator
wayback,MementoReplayRendererDecorator,Decorator
Get-Another-Label,DatumDecorator,Decorator
Get-Another-Label,DawidSkeneDecorator,Decorator
Get-Another-Label,Decorator,Decorator
Get-Another-Label,WorkerDecorator,Decorator
magic-config,DoubleTagDecorator,Decorator
magic-config,SingleTagDecorator,Decorator
magic-config,TagDecorator,Decorator
magic-config,TripleTagDecorator,Decorator
magic-config,DecoratorFactoryImpl,Decorator
sitemesh2,AbstractDecoratorMapper,Decorator
jbehave-core,User,Facade
jbehave-core,Embedder,Facade
jbehave-core,ParameterConverters,Facade
ccw,ClojureCore,Facade
pcgen-svn,InfoFactory,Facade
pcgen-svn,KitFacade,Facade
pcgen-svn,LanguageChooserFacade,Facade
pcgen-svn,LanguageFacade,Facade
pcgen-svn,LoadableFacade,Facade
pcgen-svn,PartyFacade,Facade
pcgen-svn,RaceFacade,Facade
pcgen-svn,ReferenceFacade,Facade
pcgen-svn,SizeFacade,Facade
pcgen-svn,SkillFacade,Facade
pcgen-svn,SourceSelectionFacade,Facade
pcgen-svn,SpellFacade,Facade
pcgen-svn,SpellSupportFacade,Facade
pcgen-svn,StatFacade,Facade
pcgen-svn,TempBonusFacade,Facade
pcgen-svn,TemplateFacade,Facade
pcgen-svn,TodoFacade,Facade
pcgen-svn,UIDelegate,Facade
pcgen-svn,AbstractListFacade,Facade
pcgen-svn,DefaultListFacade,Facade
pcgen-svn,DelegatingListFacade,Facade
pcgen-svn,ListFacade,Facade
pcgen-svn,ListFacades,Facade
pcgen-svn,SortedListFacade,Facade
pcgen-svn,XPTableFacade,Facade
pcgen-svn,SimpleFacadeImpl,Facade
pcgen-svn,CharacterLevelFacadeImpl,Facade
pcgen-svn,DescriptionFacadeImpl,Facade
pcgen-svn,DomainFacadeImpl,Facade
pcgen-svn,EquipmentListFacadeImpl,Facade
pcgen-svn,EquipmentSetFacadeImpl,Facade
pcgen-svn,FacadeFactory,Facade
pcgen-svn,LanguageChooserFacadeImpl,Facade
pcgen-svn,CharacterFacadeImpl,Facade
pcgen-svn,PartyFacadeImpl,Facade
pcgen-svn,SpellSupportFacadeImpl,Facade
pcgen-svn,GeneralChooserFacadeBase,Facade
pcgen-svn,SpellFacadeImplem,Facade
pcgen-svn,CharacterLevelsFacadeImpl,Facade
pcgen-svn,TodoFacadeImpl,Facade
intellij-community,FacetEditorFacade,Facade
intellij-community,JavaCodeStyleSettingsFacade,Facade
intellij-community,JavaPsiFacade,Facade
intellij-community,FileIndexFacade,Facade
intellij-community,MockFileIndexFacade,Facade
intellij-community,CodeFormatterFacade,Facade
intellij-community,CodeStyleFacade,Facade
DownloadProvider,RealSystemFacade,Facade
DownloadProvider,SystemFacade,Facade
swp1-teamhub,AbstractFacade,Facade
swp1-teamhub,AufgabeFacade,Facade
swp1-teamhub,BenutzerFacade,Facade
swp1-teamhub,KommentarFacade,Facade
swp1-teamhub,ProjektFacade,Facade
swp1-teamhub,TeamleiterFacade,Facade
jogetworkflow,FormFacade,Facade
jogetworkflow,WorkflowFacade,Facade
activemq,JobSchedulerFacade,Facade
activemq,DataManagerFacade,Facade
activemq,JournalFacade,Facade
activemq,BrokerFacade,Facade
activemq,BrokerFacadeSupport,Facade
activemq,DestinationFacade,Facade
activemq,DurableSubscriberFacade,Facade
activemq,JobFacade,Facade
activemq,LocalBrokerFacade,Facade
activemq,RemoteJMXBrokerFacade,Facade
activemq,SingletonBrokerFacade,Facade
maven-cuke4duke-jump-start,WebDriverFacade,Facade
m2eclipse-extras,P2Facade,Facade
m2eclipse-extras,P2FacadeImpl,Facade
infinitest,EclipseFacade,Facade
infinitest,ProjectFacade,Facade
infinitest,WorkspaceFacade,Facade
de-webapp,AnalysisServiceFacade,Facade
de-webapp,DiskResourceServiceFacade,Facade
de-webapp,FileEditorServiceFacade,Facade
de-webapp,MessageServiceFacade,Facade
de-webapp,TemplateServiceFacade,Facade
de-webapp,UserSessionServiceFacade,Facade
bio_quiz,AbstractFacade,Facade
bio_quiz,PlayerFacade,Facade
bio_quiz,QuestionFacade,Facade
bio_quiz,QuizFacade,Facade
betterFORM,FluxFacade,Facade
po-mindstorms,FacadeSector,Facade
hivedb,DirectoryFacade,Facade
hivedb,DirectoryFacadeProvider,Facade
Cours-3eme-ann-e,AbstractFacade,Facade
Cours-3eme-ann-e,AeroportFacadeREST,Facade
Cours-3eme-ann-e,VolFacadeREST,Facade
faban,RunFacade,Facade
LoL-Chat,IXmppFacade,Facade
LoL-Chat,XmppFacade,Facade
pmd,DumpFacade,Facade
java-design-patterns,DwarvenGoldmineFacade,Facade
pcgen-svn,InfoFactory,Facade
pcgen-svn,FacadeFactory,Facade
ecf,IIDFactory,FactoryMethod
ecf,IDFactory,FactoryMethod
Android_1,IClientSocketFactory,FactoryMethod
jbehave-core,ExecutorServiceFactory,FactoryMethod
jbehave-core,FixedThreadExecutors,FactoryMethod
jbehave-core,SameThreadExecutors,FactoryMethod
jbehave-core,FilePrintStreamFactory,FactoryMethod
jbehave-core,PrintStreamFactory,FactoryMethod
jbehave-core,SpringApplicationContextFactory,FactoryMethod
mitfahrzentraleClient,ObjectFactory,FactoryMethod
ccw,BreakpointAdapterFactory,FactoryMethod
pcgen-svn,LevelCommandFactory,FactoryMethod
pcgen-svn,CDOMFactory,FactoryMethod
pcgen-svn,ManufacturableFactory,FactoryMethod
pcgen-svn,CampaignInfoFactory,FactoryMethod
tapestry-bootstrap,SessionBindingFactory,FactoryMethod
tapestry-bootstrap,EnvironmentBindingFactory,FactoryMethod
basiclti-portlet,BasicLTIAdapterFactory,FactoryMethod
Dual-Battery-Widget,ChartFactory,FactoryMethod
orion.server,OSGiConsoleFactory,FactoryMethod
orion.server,GitSshSessionFactory,FactoryMethod
orion.server,ResourceShapeFactory,FactoryMethod
SamyGo-Android-Remote,SenderFactory,FactoryMethod
SamyGo-Android-Remote,CSeriesKeyCodeSenderFactory,FactoryMethod
SamyGo-Android-Remote,BSeriesKeyCodeSenderFactory,FactoryMethod
dozer,UserBeanFactory,FactoryMethod
dozer,SampleDefaultBeanFactory,FactoryMethod
dozer,BaseSampleBeanFactory,FactoryMethod
dozer,CacheKeyFactory,FactoryMethod
dozer,JAXBBeanFactory,FactoryMethod
iPage,IndexFactory,FactoryMethod
cdt,ExternalEditorInputFactory,FactoryMethod
java-game-server,TCPPipelineFactory,FactoryMethod
java-game-server,UDPPipelineFactory,FactoryMethod
fafdtibb,LimitModeTreeBuilderFactory,FactoryMethod
cucumber-jvm,ResourceIteratorFactory,FactoryMethod
cucumber-jvm,FileResourceIteratorFactory,FactoryMethod
cucumber-jvm,ZipResourceIteratorFactory,FactoryMethod
emergency-service-drools-app,ProcedureServiceFactory,FactoryMethod
ant,ResourceFactory,FactoryMethod
teiid-designer,CoreMatcherFactory,FactoryMethod
santuario-java,SecurityTokenFactory,FactoryMethod
santuario-java,SignatureAlgorithmFactory,FactoryMethod
wayback,ReplayRendererDecoratorFactory,FactoryMethod
wayback,ArchivalUrlResultURIConverterFactory,FactoryMethod
wayback,QueryCaptureFilterGroupFactory,FactoryMethod
magic-config,DecoratorFactory,FactoryMethod
magic-config,DecoratorFactoryImpl,FactoryMethod
faban,AboveTimedSSLSocketFactory,FactoryMethod
faban,SocketFactory,FactoryMethod
emf.compare,DefaultComparisonFactory,FactoryMethod
refactoring_guru,HtmlDialog,FactoryMethod
refactoring_guru,WindowsDialog,FactoryMethod
Java-Design-Patterns,FactoryMethod,FactoryMethod
jpatterns,FactoryMethodPattern,FactoryMethod
tomcat70,EjbFactory,FactoryMethod
tomcat70,ResourceFactory,FactoryMethod
milton,ResourceFactory,FactoryMethod
milton,HrResourceFactory,FactoryMethod
soapui,ResponseEditorViewFactory,FactoryMethod
soapui,EditorViewFactory,FactoryMethod
soapui,ResponseInspectorFactory,FactoryMethod
soapui,InspectorFactory,FactoryMethod
soapui,RestServiceFactory,FactoryMethod
api,ResourceReferenceFactory,FactoryMethod
api,MockResourceFactory,FactoryMethod
biomixer,ResourceSetAvatarDropCommandFactory,FactoryMethod
biomixer,ResourceSetPresenterDropCommandFactory,FactoryMethod
biomixer,ResourceSetAvatarFactory,FactoryMethod
biomixer,ResourceSetFactory,FactoryMethod
biomixer,SvgElementFactory,FactoryMethod
biomixer,TextSvgElementFactory,FactoryMethod
biomixer,JsDomSvgElementFactory,FactoryMethod
biomixer,UpdateResourceSetAvatarLabelFactory,FactoryMethod
biomixer,DisableIfEmptyResourceSetAvatarFactory,FactoryMethod
biomixer,FixedLabelResourceSetAvatarFactory,FactoryMethod
biomixer,HideIfEmptyResourceSetAvatarFactory,FactoryMethod
biomixer,HighlightingResourceSetAvatarFactory,FactoryMethod
biomixer,UpdateResourceSetAvatarLabelFactory,FactoryMethod
biomixer,NcboRestUrlBuilderFactory,FactoryMethod
biomixer,NcboJsonpRestUrlBuilderFactory,FactoryMethod
biojava-legacy,SequenceBuilderFactory,FactoryMethod
biojava-legacy,URLFactory,FactoryMethod
ecf,ServiceResourceFactory,FactoryMethod
cayenne,TextPaneViewFactory,FactoryMethod
cayenne,ViewFactory,FactoryMethod
javassist,ScopedClassPoolFactory,FactoryMethod
javassist,ScopedClassPoolFactoryImpl,FactoryMethod
hbase,ThriftServerMetricsSourceFactory,FactoryMethod
hbase,ThriftServerMetricsSourceFactoryImpl,FactoryMethod
maven-3,ToolchainFactory,FactoryMethod
maven-3,DefaultJavaToolchainFactory,FactoryMethod
maven-3,ArtifactRepositoryFactory,FactoryMethod
maven-3,DefaultJavaToolchainFactory,FactoryMethod
maven-3,ArtifactFactory,FactoryMethod
maven-3,DefaultArtifactFactory,FactoryMethod
smsc-server,UserManagerFactory,FactoryMethod
smsc-server,DbUserManagerFactory,FactoryMethod
smsc-server,PropertiesUserManagerFactory,FactoryMethod
smsc-server,MessageManagerFactory,FactoryMethod
dawn-ui,XYRegionMemento,Memento
udig-platform,UdigMemento,Memento
eclipse.platform.debug,ExpressionManagerMementoProvider,Memento
eclipse.platform.debug,MemoryViewElementMementoProvider,Memento
eclipse.platform.debug,ElementMementoProvider,Memento
eclipse.platform.debug,BreakpointMementoProvider,Memento
eclipse.platform.debug,ExpressionMementoProvider,Memento
eclipse.platform.debug,IElementMementoRequest,Memento
eclipse.platform.debug,IElementMementoProvider,Memento
eclipse.platform.debug,XMLMemento,Memento
eclipse.platform.debug,ControlsMementoProvider,Memento
prevayler,MementoTransaction,Memento
prevayler,Memento,Memento
prevayler,MementoManagerCommand,Memento
studio2,XMLMemento,Memento
studio2,IMemento,Memento
birt,MementoBuilder,Memento
birt,Memento,Memento
birt,MementoElement,Memento
MPS,MappingsMemento,Memento
MPS,MementoPersistence,Memento
Generic-Graph-View,ColorMemento,Memento
rap,MementoStateManager,Memento
rap,XMLMemento,Memento
rap,ConfigurationElementMemento,Memento
eclipse.jdt.core,MementoTokenizer,Memento
carrot2,SimpleXmlMemento,Memento
LimeWire-Pirate-Edition,BTMetaInfoMementoImpl,Memento
LimeWire-Pirate-Edition,BTDownloadMementoImpl,Memento
LimeWire-Pirate-Edition,TorrentFileSystemMementoImpl,Memento
LimeWire-Pirate-Edition,BTDiskManagerMementoImpl,Memento
LimeWire-Pirate-Edition,MagnetDownloadMementoImpl,Memento
LimeWire-Pirate-Edition,LibTorrentBTDownloadMementoImpl,Memento
LimeWire-Pirate-Edition,InNetworkDownloadMementoImpl,Memento
LimeWire-Pirate-Edition,InNetworkDownloadMemento,Memento
LimeWire-Pirate-Edition,GnutellaDownloadMementoImpl,Memento
LimeWire-Pirate-Edition,GnutellaDownloadMemento,Memento
LimeWire-Pirate-Edition,VirusDefinitionDownloadMemento,Memento
LimeWire-Pirate-Edition,DownloadMemento,Memento
wayback,MementoReplayRendererDecorator,Memento
drools,Memento,Memento
HMS,AppointmentMemento,Memento
Promasi-V2,CalculatedEquationMemento,Memento
Promasi-V2,FlowSdObjectMemento,Memento
Promasi-V2,OutputSdObjectMemento,Memento
Promasi-V2,StockSdObjectMemento,Memento
Promasi-V2,SdSystemMemento,Memento
Promasi-V2,ProjectMemento,Memento
Promasi-V2,ProjectTaskMemento,Memento
Promasi-V2,TaskBridgeMemento,Memento
Promasi-V2,GameModelMemento,Memento
Promasi-V2,MarketPlaceMemento,Memento
Promasi-V2,CompanyMemento,Memento
Promasi-V2,EmployeeMemento,Memento
Promasi-V2,EmployeeTaskMemento,Memento
Promasi-V2,DepartmentMemento,Memento
eclipse.platform.debug,RegisterGroupMementoProvider,Memento
eclipse.platform.debug,DebugElementMementoProvider,Memento
eclipse.platform.debug,StackFrameMementoProvider,Memento
eclipse.platform.debug,MementoUpdate,Memento
sherlog,SimpleLogEventFilterMemento,Memento
studio3,XMLMemento,Memento
Client,AddEntityMemento,Memento
MPS,Memento,Memento
jabylon,BasicMementoImpl,Memento
jabylon,Memento,Memento
JavaDesignPatternExercises,Memento,Memento
JavaDesignPatternExercises,IMemento,Memento
JavaDesignPatternExercises,Memento,Memento
JavaDesignPatternExercises,IMemento,Memento
geronimo,CORBAEJBMemento,Memento
biojava-legacy,ExceptionMemento,Memento
agetac-ng,AddEntityMemento,Memento
eclipse.jdt.ui,Mementos,Memento
eclipse.platform.ui,IMementoAware,Memento
eclipse.platform.ui,IMemento,Memento
eclipse.platform.ui,ConfigurationElementMemento,Memento
eclipse.platform.ui,XMLMemento,Memento
rt.equinox.p2,Memento,Memento
Pydev,DialogMemento,Memento
dawn-third,AnnotationMemento,Memento
dawn-third,AxisMemento,Memento
dawn-third,TraceMemento,Memento
dawn-third,XYGraphMemento,Memento
nuxeo-tycho-osgi,Memento,Memento
nuxeo-tycho-osgi,XMLMemento,Memento
rap,MementoStateManager,Memento
rap,IMemento,Memento
rap,ConfigurationElementMemento,Memento
rap,XMLMemento,Memento
MPS,MappingsMemento,Memento
biomixer,Memento,Memento
biomixer,Memento,Memento
birt,Memento,Memento
birt,MementoBuilder,Memento
java-design-patterns,StarMemento,Memento
prevayler,Memento,Memento
drools,Memento,Memento
refactoring_guru,Memento,Memento
ChenSun,Statement,None
ChenSun,AssertionFailedException,None
ChenSun,BestResponseTimeBalanceStrategy,None
ChenSun,Blob,None
ChenSun,BlobFromLocator,None
ChenSun,CachedResultSetMetaData,None
ChenSun,CallableStatement,None
ChenSun,CharsetMapping,None
ChenSun,Clob,None
ChenSun,CommunicationsException,None
ChenSun,CompressedInputStream,None
ChenSun,ConnectionFeatureNotAvailableException,None
ChenSun,ConnectionGroup,None
ChenSun,ConnectionGroupManager,None
ChenSun,ConnectionImpl,None
ChenSun,ConnectionProperties,None
ChenSun,ConnectionPropertiesImpl,None
ChenSun,ConnectionPropertiesTransform,None
ChenSun,DatabaseMetaData,None
ChenSun,DatabaseMetaDataUsingInfoSchema,None
ChenSun,DocsConnectionPropsHelper,None
ChenSun,EscapeProcessor,None
ChenSun,ExportControlled,None
ChenSun,Field,None
ChenSun,ExtendedMysqlExceptionSorter,None
ChenSun,MysqlValidConnectionChecker,None
ChenSun,IterateBlock,None
ChenSun,JDBC4MysqlPooledConnection,None
ChenSun,JDBC4MysqlXAConnection,None
ChenSun,JDBC4SuspendableXAConnection,None
ChenSun,MysqlConnectionPoolDataSource,None
ChenSun,MysqlDataSource,None
ChenSun,MysqlXAConnection,None
ChenSun,MysqlXADataSource,None
ChenSun,SocialNetworkDBAThread,None
ChenSun,SocialNetworkNavigation,None
jbehave-core,AuthenticationSteps,None
jbehave-core,DbUnitSteps,None
jbehave-core,OrganizationSteps,None
jbehave-core,ThreadsSteps,None
jbehave-core,ThreadsStories,None
jbehave-core,CalendarConverter,None
jbehave-core,TraderConverter,None
jbehave-core,FailureCorrelationStories,None
jbehave-core,Stock,None
jbehave-core,Trader,None
jbehave-core,TraderPersister,None
jbehave-core,TradingService,None
jbehave-core,AbstractSteps,None
jbehave-core,BeforeAfterSteps,None
jbehave-core,CalendarSteps,None
jbehave-core,CompositeNestedSteps,None
jbehave-core,CompositeSteps,None
jbehave-core,FailingBeforeAfterSteps,None
jbehave-core,MetaParametrisationSteps,None
jbehave-core,NamedParametersSteps,None
jbehave-core,ParameterDelimitersSteps,None
jbehave-core,ParametrisationByDelimitedNameSteps,None
jbehave-core,ParametrisedSteps,None
jbehave-core,PendingSteps,None
jbehave-core,PriorityMatchingSteps,None
jbehave-core,SandpitSteps,None
jbehave-core,SearchSteps,None
jbehave-core,TraderSteps,None
jbehave-core,FailingAfterStories,None
jbehave-core,FailingBeforeStories,None
jbehave-core,ParameterDelimiters,None
jbehave-core,ParametrisationByDelimitedName,None
jbehave-core,SkipBeforeAndAfterScenarioStepsIfGivenStory,None
jbehave-core,SkipScenariosAfterFailure,None
jbehave-core,AnnotatedEmbedderUsingGuice,None
jbehave-core,AnnotatedEmbedderUsingGuiceAndSteps,None
jbehave-core,InheritingAnnotatedEmbedderUsingSteps,None
jbehave-core,AnnotatedEmbedderUsingPico,None
jbehave-core,AnnotatedEmbedderUsingPicoAndSteps,None
jbehave-core,InheritingAnnotatedEmbedderUsingSteps,None
jbehave-core,ParentAnnotatedEmbedderUsingPico,None
jbehave-core,AnnotatedEmbedderUsingSpring,None
jbehave-core,AnnotatedEmbedderUsingSpringAndSteps,None
jbehave-core,AnnotatedEmbedderUsingSpringNamespace,None
jbehave-core,SilentSuccessFilter,None
jbehave-core,StackTraceFormatter,None
jbehave-core,StepdocReporter,None
3taps-Java-Client,GeocoderRequest,None
3taps-Java-Client,GeocoderResponse,None
3taps-Java-Client,CreateResponse,None
3taps-Java-Client,DeleteResponse,None
3taps-Java-Client,UpdateResponse,None
3taps-Java-Client,BestMatchResponse,None
3taps-Java-Client,SearchRequest,None
3taps-Java-Client,SearchResponse,None
3taps-Java-Client,SummaryRequest,None
3taps-Java-Client,SummaryResponse,None
3taps-Java-Client,Annotation,None
3taps-Java-Client,AnnotationOption,None
3taps-Java-Client,Category,None
3taps-Java-Client,Posting,None
3taps-Java-Client,PostingHistory,None
3taps-Java-Client,Source,None
3taps-Java-Client,Utils,None
jbehave-core,GameObserver,Observer
jbehave-core,GameFrame,Observer
jbehave-core,GameObserver,Observer
pcgen-svn,ShowMessageConsoleObserver,Observer
pcgen-svn,PersistenceObserver,Observer
pcgen-svn,ShowMessageGuiObserver,Observer
Dual-Battery-Widget,BillingObserver,Observer
cxf,ColocMessageObserver,Observer
cxf,MessageReplayObserver,Observer
cxf,ClientMessageObserver,Observer
cxf,MultipleEndpointObserver,Observer
cxf,ChainInitiationObserver,Observer
cxf,AbstractFaultChainInitiatorObserver,Observer
cxf,ClientOutFaultObserver,Observer
Cream,LoggingObserver,Observer
brightroom,AppHistoryObserver,Observer
CS230-Software-Project,Observable,Observer
CS230-Software-Project,Observer,Observer
harmony-classlib,Observable,Observer
frostwire-desktop,TreeMouseObserver,Observer
frostwire-desktop,MouseObserver,Observer
frostwire-desktop,HeaderMouseObserver,Observer
milton,ImageTableObserver,Observer
jackrabbit,AccessControlObserver,Observer
swing-mvc-demo,MainModelObserver,Observer
arquillian-extension-persistence,EventObserver,Observer
jge3d,Observer,Observer
stratosphere,ExecutionObserver,Observer
AndroidBillingLibrary,MockBillingObserver,Observer
TurtlePlayer,PreferencesObserver,Observer
softwaremill-common,TransactionExceptionObserver,Observer
ju4pa,ConcurrentModificationObserver,Observer
com.happyprog.tdgotchi,RefactoringObserver,Observer
com.happyprog.tdgotchi,TamagotchiObserver,Observer
jackrabbit,AccessControlObserver,Observer
swing-mvc-demo,GroupModelObserver,Observer
swing-mvc-demo,MainModelObserver,Observer
swing-mvc-demo,UserModelObserver,Observer
smsc-server,MessageObserver,Observer
smsc-server,StatisticsObserver,Observer
BMach,IObserver,Observer
BMach,ISubject,Observer
OneSwarm,DHTRouterObserver,Observer
fop,ElementListObserver,Observer
fop,LoggingElementListObserver,Observer
UK-Ejemplos,Observer,Observer
UK-Ejemplos,ObserverBuilder,Observer
UK-Ejemplos,EventObserver,Observer
arquillian_deprecated,ObserverImpl,Observer
Android-Simple-Social-Sharing,FacebookEventObserver,Observer
Android-Simple-Social-Sharing,TwitterEventObserver,Observer
platform_frameworks_base,SyncStatusObserver,Observer
ant,TimeoutObserver,Observer
platform,Observers,Observer
platform,RestAPIObserver,Observer
platform,HiveAxis2ConfigObserver,Observer
platform,ActivityMediationStatisticsObserver,Observer
platform,BAMMediationStatisticsObserver,Observer
platform,Axis2ConfigurationContextObserverImpl,Observer
platform,Axis2ConfigurationContextObserverImpl,Observer
platform,ConfigurationContextObserverImpl,Observer
platform,Axis2ConfigurationContextObserverImpl,Observer
platform,CassandraAxis2ConfigurationContextObserver,Observer
platform,Axis2ConfigurationContextObserverImpl,Observer
platform,CSGAgentObserver,Observer
platform,CSGAgentObserverImpl,Observer
platform,CSGServiceObserver,Observer
platform,ActivityMediationStatisticsObserver,Observer
platform,MediationStatsAxis2ConfigurationContextObserver,Observer
platform,BAMMediationStatisticsObserver,Observer
platform,ServiceStatisticsAxis2ConfigurationContextObserver,Observer
platform,DSAxis2ConfigurationContextObserver,Observer
platform,DeploymentSyncAxis2ConfigurationContextObserver,Observer
platform,EventAxis2ConfigurationContextObserver,Observer
platform,STSObserver,Observer
platform,JAXWSAxis2ConfigurationObserver,Observer
platform,JMXObserver,Observer
platform,MediationStatisticsObserver,Observer
platform,PersistingStatisticsObserver,Observer
platform,Axis2ConfigurationContextObserverImpl,Observer
platform,TaskAxis2ConfigurationContextObserver,Observer
platform,ProxyServiceParameterObserver,Observer
platform,RSSManagerAxis2ConfigContextObserver,Observer
platform,SecurityAxis2ConfigurationContextObserver,Observer
platform,Axis2ConfigurationContextObserverImpl,Observer
platform,StatisticsAxis2ConfigurationContextObserver,Observer
platform,ThrottlingAxis2ConfigurationContextObserver,Observer
platform,TransactionManagerAxis2ConfigurationContextObserver,Observer
platform,DiscoveryAxis2ConfigurationContextObserver,Observer
platform,TargetServiceObserver,Observer
platform,DiscoveryProxyObserver,Observer
platform,AbstractSynapseObserver,Observer
platform,SynapseObserver,Observer
platform,MessageStoreObserver,Observer
JavaDesignPatternExercises,IObserver,Observer
JavaDesignPatternExercises,ISubject,Observer
vogella,ElementObserver,Observer
vogella,TotalObserver,Observer
java-design-patterns-master,WeatherObserver,Observer
vogella,MyObserver,Observer
cdt,AutoconfPrototype,Prototype
cdt,FunctionPrototypeSummary,Prototype
OneSwarm,ExternalTextResourcePrototype,Prototype
OneSwarm,ImageResourcePrototype,Prototype
OneSwarm,ResourcePrototype,Prototype
SmartBIPrototype,SmartBIPrototype,Prototype
protogrid,GridPrototype,Prototype
protogrid,BaseDataPrototype,Prototype
kahlua2,Prototype,Prototype
onebusaway-application-modules,ResourcePrototypeImpl,Prototype
s4,PrototypeRequest,Prototype
s4,PrototypeWrapper,Prototype
s4,PrototypeRequest,Prototype
Android-RTMP,FFMPEGPrototype,Prototype
AxonFramework,SpringPrototypeAggregateFactory,Prototype
spring-social-twitter,PlacePrototype,Prototype
modapi,Prototype,Prototype
helma,Prototype,Prototype
gansenbang,PrototypeWrapper,Prototype
Alice,ElementPrototype,Prototype
Alice,QuestionPrototype,Prototype
Alice,ResponsePrototype,Prototype
Alice,CallToUserDefinedQuestionPrototype,Prototype
Alice,CallToUserDefinedResponsePrototype,Prototype
SWE12-Drone,PrototypeBrickAdapter,Prototype
OneSwarm,ExternalTextResourcePrototype,Prototype
OneSwarm,ImageResourcePrototype,Prototype
OneSwarm,ResourcePrototype,Prototype
movsim,VehiclePrototype,Prototype
thredds,Nc4prototypes,Prototype
xdi2,Prototype,Prototype
AxonFramework,SpringPrototypeAggregateFactory,Prototype
spring-social-twitter,PlacePrototype,Prototype
IDV,PrototypeManager,Prototype
modapi,Prototype,Prototype
helma,Prototype,Prototype
liferay-portal,LayoutSetPrototypeWrapper,Prototype
liferay-portal,LayoutPrototypeWrapper,Prototype
liferay-portal,LayoutPrototypeLocalService,Prototype
liferay-portal,LayoutPrototypeLocalServiceWrapper,Prototype
liferay-portal,LayoutPrototypePermission,Prototype
liferay-portal,LayoutPrototypeBaseImpl,Prototype
liferay-portal,LayoutPrototypeImpl,Prototype
liferay-portal,LayoutPrototype,Prototype
protoj,Prototype,Prototype
Catroid,PrototypeBrickAdapter,Prototype
crunch,JobPrototype,Prototype
sablecc,MParamPrototype,Prototype
sablecc,MMacroCreatorPrototype,Prototype
sablecc,MParamRefPrototype,Prototype
wolips,EOPrototypeListContentProvider,Prototype
wolips,EOPrototypeListLabelProvider,Prototype
osate2-core,ComponentPrototype,Prototype
osate2-core,ComponentPrototypeActual,Prototype
osate2-core,ComponentPrototypeBinding,Prototype
osate2-core,FeatureGroupPrototype,Prototype
osate2-core,FeaturePrototype,Prototype
osate2-core,AbstractPrototypeImpl,Prototype
osate2-core,BusPrototypeImpl,Prototype
osate2-core,ComponentPrototypeActualImpl,Prototype
osate2-core,ComponentPrototypeImpl,Prototype
osate2-core,ComponentPrototypeImpl,Prototype
osate2-core,DataPrototypeImpl,Prototype
osate2-core,DevicePrototypeImpl,Prototype
osate2-core,FeatureGroupPrototypeActualImpl,Prototype
osate2-core,FeatureGroupPrototypeBindingImpl,Prototype
osate2-core,FeatureGroupPrototypeImpl,Prototype
osate2-core,FeaturePrototypeActualImpl,Prototype
osate2-core,FeaturePrototypeImpl,Prototype
osate2-core,FeaturePrototypeReferenceImpl,Prototype
osate2-core,MemoryPrototypeImpl,Prototype
osate2-core,ProcessorPrototypeImpl,Prototype
osate2-core,ProcessPrototypeImpl,Prototype
osate2-core,PrototypeBindingImpl,Prototype
osate2-core,PrototypeImpl,Prototype
osate2-core,SubprogramGroupPrototypeImpl,Prototype
osate2-core,SubprogramPrototypeImpl,Prototype
osate2-core,SystemPrototypeImpl,Prototype
osate2-core,ThreadGroupPrototypeImpl,Prototype
osate2-core,ThreadPrototypeImpl,Prototype
osate2-core,VirtualBusPrototypeImpl,Prototype
osate2-core,VirtualProcessorPrototypeImpl,Prototype
osate2-core,Prototype,Prototype
osate2-core,PrototypeBinding,Prototype
lcmc,PrototypeFactory,Prototype
social_1,PlacePrototype,Prototype
Android-RTMP,FFMPEGPrototype,Prototype
wonder,ERPrototypes,Prototype
TapIt-Android-SDK-Source,AlertAdProxyPrototype,Prototype
TapIt-Android-SDK-Source,BannerViewProxyPrototype,Prototype
TapIt-Android-SDK-Source,InterstitialAdProxyPrototype,Prototype
TapIt-Android-SDK-Source,TapitandroidModulePrototype,Prototype
computercraft-spout,Prototype,Prototype
JagTrack,Prototype,Prototype
java-design-patterns,Prototype,Prototype
computercraft-spout,Prototype,Prototype
suite,Prototype,Prototype
protoj,Prototype,Prototype
java-design-patterns-master,Prototype,Prototype
ChenSun,FailoverConnectionProxy,Proxy
ChenSun,LoadBalancingConnectionProxy,Proxy
accent,ControlledConnectionProxy,Proxy
cdt,PathEntryStoreProxy,Proxy
cdt,AbstractCExtensionProxy,Proxy
cdt,CDataProxy,Proxy
cdt,CDataProxyContainer,Proxy
cdt,CfgProxyCache,Proxy
cdt,PDOMProxy,Proxy
cdt,IncludeReferenceProxy,Proxy
cdt,CEditorTextHoverProxy,Proxy
cdt,ModulesViewModelProxy,Proxy
cdt,SignalsViewModelProxy,Proxy
cdt,BreakpointVMModelProxyStrategy,Proxy
cdt,ExpressionVMProviderModelProxyStrategy,Proxy
cdt,DefaultVMModelProxyStrategy,Proxy
playorm,IterProxy,Proxy
playorm,CursorProxy,Proxy
playorm,ListProxy,Proxy
playorm,NoSqlProxy,Proxy
playorm,NoSqlProxyImpl,Proxy
playorm,IterLogProxy,Proxy
playorm,IterableProxy,Proxy
cdo,CDOElementProxy,Proxy
cdo,CDOElementProxyImpl,Proxy
cdo,ObjyProxy,Proxy
harmony-classlib,Proxy,Proxy
harmony-classlib,DataProxy,Proxy
harmony-classlib,AWTEventListenerProxy,Proxy
harmony-classlib,DragSourceEventProxy,Proxy
harmony-classlib,BeanContextChildComponentProxy,Proxy
harmony-classlib,BeanContextContainerProxy,Proxy
harmony-classlib,BeanContextProxy,Proxy
harmony-classlib,PropertyChangeListenerProxy,Proxy
harmony-classlib,VetoableChangeListenerProxy,Proxy
harmony-classlib,MockBeanContextProxy,Proxy
harmony-classlib,MockBeanContextProxyS,Proxy
harmony-classlib,Proxy,Proxy
harmony-classlib,Proxy,Proxy
harmony-classlib,ProxySelector,Proxy
harmony-classlib,ProxySelectorImpl,Proxy
harmony-classlib,EventListenerProxy,Proxy
harmony-classlib,ActionProxy,Proxy
frostwire-desktop,NetworkAdminHTTPProxyImpl,Proxy
frostwire-desktop,ProxyDefintion,Proxy
frostwire-desktop,FrmProxy,Proxy
frostwire-desktop,ProxyBlock,Proxy
frostwire-desktop,ProxyController,Proxy
frostwire-desktop,ProxyData,Proxy
frostwire-desktop,ElementalReverseProxy,Proxy
frostwire-desktop,DnDCellRendererProxy,Proxy
frostwire-desktop,MRJ23EventProxy,Proxy
frostwire-desktop,MRJ4EventProxy,Proxy
frostwire-desktop,MRJEventProxy,Proxy
javassist,ProxyObject,Proxy
javassist,Proxy,Proxy
javassist,Proxy,Proxy
geotoolkit-pending,GeometryProxy,Proxy
santuario-java,ElementProxy,Proxy
santuario-java,EncryptionElementProxy,Proxy
santuario-java,SignatureElementProxy,Proxy
james,MimeMessageCopyOnWriteProxy,Proxy
wayback,ARCRecordingProxy,Proxy
wayback,ARCUnwrappingProxy,Proxy
platform,AbstractProxy,Proxy
platform,PaypalNVPProxy,Proxy
platform,PaypalSOAPProxy,Proxy
platform,SalesforceProxyImpl,Proxy
platform,SalesforceProxy,Proxy
platform,AbstractPDPProxy,Proxy
platform,PDPProxy,Proxy
OpenSIG,ComercialProxy,Proxy
OpenSIG,ExportacaoProxy,Proxy
OpenSIG,ImportacaoProxy,Proxy
DimSim,ObjectProxy,Proxy
DimSim,DebugProxyHandler,Proxy
DimSim,EventsJsonProxy,Proxy
DimSim,PopoutPanelProxy,Proxy
DimSim,PopoutWindowProxy,Proxy
BuildCraft,BuilderProxy,Proxy
BuildCraft,BuilderProxyClient,Proxy
BuildCraft,BuildersProxy,Proxy
BuildCraft,CoreProxy,Proxy
BuildCraft,CoreProxyClient,Proxy
BuildCraft,EnergyProxy,Proxy
BuildCraft,EnergyProxyClient,Proxy
BuildCraft,FactoryProxy,Proxy
BuildCraft,FactoryProxyClient,Proxy
BuildCraft,SiliconProxy,Proxy
BuildCraft,SiliconProxyClient,Proxy
BuildCraft,TransportProxy,Proxy
ecf,SmartProxy,Proxy
ecf,Proxy,Proxy
TapIt-Android-SDK-Source,AlertAdProxyPrototype,Proxy
TapIt-Android-SDK-Source,BannerViewProxyPrototype,Proxy
TapIt-Android-SDK-Source,InterstitialAdProxyPrototype,Proxy
TapIt-Android-SDK-Source,AlertAdProxy,Proxy
Alitheia-Core,ProxyServlet,Proxy
BeeQueue,ProxyFactory,Proxy
java-design-patterns,WizardTowerProxy,Proxy
jbehave-core,WeldStepsFactory,Singleton
sshj,SingletonRandomFactory,Singleton
playorm,FactorySingleton,Singleton
jackrabbit,SingletonRepositoryFactory,Singleton
cruisecontrol,ServerNameSingleton,Singleton
java-game-server,ExecutionHandlerSingleton,Singleton
iBatisWorkShop,NoXmlSingletonConnectionManager,Singleton
iBatisWorkShop,SingletonConnectionManager,Singleton
sshj,SingletonRandomFactory,Singleton
jboss-aejb,SingletonAEjbHandler,Singleton
playorm,FactorySingleton,Singleton
kodejava,Singleton,Singleton
kodejava,SingletonDemo,Singleton
kodejava,Singleton,Singleton
intellij-community,CachedSingletonsRegistry,Singleton
intellij-community,NewInstanceOfSingletonInspection,Singleton
intellij-community,SingletonInspection,Singleton
intellij-community,Singleton,Singleton
intellij-community,SingletonMap,Singleton
AllBinary-Platform,UploadMediaSingleton,Singleton
AllBinary-Platform,LicenseInterfaceSingleton,Singleton
AllBinary-Platform,InputAutomationModuleConfigurationsSingletonFactory,Singleton
AllBinary-Platform,ImageComparisonResultCacheSingleton,Singleton
AllBinary-Platform,ConsolidatedMotionRectanglesResultsCacheSingleton,Singleton
AllBinary-Platform,AllMotionRectanglesResultsCacheSingleton,Singleton
AllBinary-Platform,ProcessPaintableSingletonFactory,Singleton
AllBinary-Platform,NoGameNotificationHudSingleton,Singleton
AllBinary-Platform,GameConfigurationSingleton,Singleton
AllBinary-Platform,KeySingletonFactory,Singleton
AllBinary-Platform,StoreAdminUserEmailEventHandlerSingletons,Singleton
AllBinary-Platform,AdminUserEmailEventHandlerSingletons,Singleton
AllBinary-Platform,UserEmailEventHandlerSingletons,Singleton
AllBinary-Platform,CurrentlyPressedTouchButtonSingleton,Singleton
AllBinary-Platform,TestingInputSingleton,Singleton
AllBinary-Platform,MakeCountedPartsSingletonArrayFactory,Singleton
AllBinary-Platform,HighScoreNamePersistanceSingleton,Singleton
AllBinary-Platform,GameConfigurationPersistanceSingleton,Singleton
AllBinary-Platform,GamePersistanceSingleton,Singleton
AllBinary-Platform,NullHighScoresSingletonFactory,Singleton
AllBinary-Platform,RemoteErrorHighScoresSingletonFactory,Singleton
AllBinary-Platform,PrimitiveLongSingleton,Singleton
AllBinary-Platform,SmallIntegerSingletonFactory,Singleton
AllBinary-Platform,DisplayInfoSingleton,Singleton
AllBinary-Platform,ConstrainedMotionRectanglesResultsCacheSingleton,Singleton
AllBinary-Platform,BufferedImagePoolSingleton,Singleton
android-rackspacecloud,ApacheHCHttpCommandExecutorServiceModule,Singleton
android-rackspacecloud,NioTransformingHttpCommandExecutorServiceModule,Singleton
android-rackspacecloud,ConnectionPoolCommandExecutorServiceModule,Singleton
cucumber-jvm,SingletonFactory,Singleton
small-team-km-android-client,ActivitiesStackSingleton,Singleton
small-team-km-android-client,ImageCacheSoftRefSingleton,Singleton
jackrabbit,SingletonRepositoryFactory,Singleton
zen-project,SingletonSolrAware,Singleton
cytoscape-plugins,ObjectFactorySingleton,Singleton
alfresco,TransactionAwareSingleton,Singleton
XobotOS,Singleton,Singleton
cayenne,SingletonFaultFactory,Singleton
CIDE,ScreenSingleton,Singleton
CIDE,ScreenSingleton,Singleton
hypergraphdb,CacheActionQueueSingleton,Singleton
lyo.rio,ServiceProviderSingleton,Singleton
lyo.rio,ServiceProviderSingleton,Singleton
emergency-service-drools-app,MessageServerSingleton,Singleton
platform_frameworks_base,Singleton,Singleton
LimeWire-Pirate-Edition,AbstractLazySingletonProvider,Singleton
geotoolkit-pending,SingletonIterator,Singleton
activemq,SingletonBrokerFacade,Singleton
hivedb,SingletonHiveSessionFactoryBuilder,Singleton
api,IsolatedStaticSingletonProvider,Singleton
api,TCCLSingletonProvider,Singleton
api,Singleton,Singleton
api,SingletonProvider,Singleton
cogroo4,CogrooSingleton,Singleton
openejb,ThreadSingletonService,Singleton
openejb,ThreadSingletonServiceImpl,Singleton
openejb,SingletonContainerBuilder,Singleton
openejb,SingletonContainer,Singleton
openejb,SingletonContext,Singleton
openejb,SingletonEjbHomeHandler,Singleton
openejb,SingletonEjbObjectHandler,Singleton
openejb,SingletonInstanceManager,Singleton
openejb,SingletonCalculatorClient,Singleton
openejb,BasicSingletonBean,Singleton
directory-server,AvlTreeSingleton,Singleton
clusterbench,LocalSingletonEjbServlet,Singleton
robo-remote,EmSingleton,Singleton
robo-remote,SoloSingleton,Singleton
console_1,AggregatedConsoleSingleton,Singleton
console_1,GinjectorSingleton,Singleton
console_1,CoreUISingleton,Singleton
pizzaapp,ConfigurationSingleton,Singleton
pizzaapp,ConfigurationSingleton,Singleton
chute-android-components,HeartsSingleton,Singleton
hbase,CompatibilitySingletonFactory,Singleton
Akka-JavaEE6-Integracia,SumSingleton,Singleton
abdera,Singleton,Singleton
platform_frameworks_base,Singleton,Singleton
api,Singleton,Singleton
com.idega.core,Singleton,Singleton
vogella,MyEnumSingleton,Singleton
ccw,ClojureVisitor,Visitor
cdt,ICElementVisitor,Visitor
cdt,IPathSettingsContainerVisitor,Visitor
cdt,ICPPASTVisitor,Visitor
cdt,ASTGenericVisitor,Visitor
cdt,IndexerASTVisitor,Visitor
cdt,CVisitor,Visitor
cdt,ASTCommenterVisitor,Visitor
cdt,ChangeGeneratorWriterVisitor,Visitor
cdt,CodeFormatterVisitor,Visitor
cdt,CPPASTAllVisitor,Visitor
cdt,CStructureCreatorVisitor,Visitor
cdt,ReferenceVisitor,Visitor
cdt,IModelVisitor,Visitor
cdk,Visitor,Visitor
cdk,SimpleVisitor,Visitor
cdk,TemplateVisitor,Visitor
cdk,ELVisitor,Visitor
cdk,RendererClassVisitor,Visitor
cdk,TagHandlerGeneratorVisitor,Visitor
cdk,TaglibGeneratorVisitor,Visitor
cdk,EmptyAnnotationValueVisitor,Visitor
cdo,CDOFeatureDeltaVisitor,Visitor
cdo,CDOFeatureDeltaVisitorImpl,Visitor
cdo,IOVisitor,Visitor
pellet,EntailmentQueryVisitor,Visitor
pellet,PelletVisitor,Visitor
pellet,ATermBaseVisitor,Visitor
pellet,ATermVisitor,Visitor
pellet,AtomObjectVisitor,Visitor
pellet,RuleAtomVisitor,Visitor
pellet,NumberToLiteralVisitor,Visitor
pellet,NumericVisitor,Visitor
pellet,FunctionApplicationVisitor,Visitor
pellet,NumericComparisonVisitor,Visitor
pellet,NumericComparisonVisitor,Visitor
pellet,NumericComparisonVisitor,Visitor
spring-migration-analyzer,EjbDetectingClassVisitor,Visitor
spring-migration-analyzer,ApiUsageDetectingAsmVisitor,Visitor
spring-migration-analyzer,DelegatingClassVisitor,Visitor
spring-migration-analyzer,DelegatingMethodVisitor,Visitor
spring-migration-analyzer,DelegatingAnnotationVisitor,Visitor
spring-migration-analyzer,DelegatingFieldVisitor,Visitor
spring-migration-analyzer,StubResultGatheringAnnotationVisitor,Visitor
spring-migration-analyzer,StubResultGatheringClassVisitor,Visitor
spring-migration-analyzer,StubResultGatheringClassVisitorFactory,Visitor
spring-migration-analyzer,StubResultGatheringFieldVisitor,Visitor
spring-migration-analyzer,StubResultGatheringMethodVisitor,Visitor
pellet,DefaultAtomObjectVisitor,Visitor
pellet,DefaultRuleAtomVisitor,Visitor
cxf,ModuleVisitor,Visitor
cxf,ExceptionVisitor,Visitor
cxf,OperationVisitor,Visitor
cxf,ConstrTypeSpecVisitor,Visitor
cxf,ParamDclVisitor,Visitor
cxf,TypesVisitor,Visitor
cxf,SimpleTypeSpecVisitor,Visitor
cxf,FixedVisitor,Visitor
cxf,PortTypeVisitor,Visitor
cxf,SequenceVisitor,Visitor
cxf,ArrayVisitor,Visitor
cxf,PrimitiveTypesVisitor,Visitor
cxf,TemplateTypeSpecVisitor,Visitor
cxf,ConstVisitor,Visitor
cxf,TypedefVisitor,Visitor
cxf,ScopedNameVisitor,Visitor
cxf,ParamTypeSpecVisitor,Visitor
cxf,StringVisitor,Visitor
cxf,DefinitionVisitor,Visitor
cxf,VisitorBase,Visitor
wayback,ReplayParseEventDelegatorVisitor,Visitor
wayback,ParseEventDelegatorVisitor,Visitor
wayback,ReplayParseEventDelegatorVisitor,Visitor
sample-projects,Visitor,Visitor
sample-projects,Visitor,Visitor
OpenSIG,Visitor,Visitor
graph-collections,SpatialIndexVisitor,Visitor
TwelveMonkeys,Visitor,Visitor
sslr,AstAndTokenVisitor,Visitor
sslr,ExecutionFlowVisitor,Visitor
sslr,EmptyAlternativeVisitor,Visitor
sslr,EmptyRepetitionVisitor,Visitor
sslr,EmptyVisitor,Visitor
sslr,FirstVisitor,Visitor
sslr,MatcherVisitor,Visitor
sslr,RuleMatchersVisitor,Visitor
sslr,SymbolTableBuilderVisitor,Visitor
Emma,InstrVisitor,Visitor
Emma,AbstractItemVisitor,Visitor
Emma,IItemVisitor,Visitor
Emma,AbstractClassDefVisitor,Visitor
Emma,IAttributeVisitor,Visitor
Emma,ICONSTANTVisitor,Visitor
Emma,IClassDefVisitor,Visitor
Emma,IOpcodeVisitor,Visitor
java-design-patterns,SoldierVisitor,Visitor
java-design-patterns,SergeantVisitor,Visitor
java-design-patterns,CommanderVisitor,Visitor
refactoring_guru,Visitor,Visitor
refactoring_guru,XMLExportVisitor,Visitor